assembly_acc,assembly_name,organism,ftp_path,biosample,bioproject,assembly_level
GCF_900654255.2,MTB79112.3,Mycobacterium tuberculosis (high G+C Gram-positive bacteria),ftp://ftp.ncbi.nlm.nih.gov/genomes/all/GCF/900/654/255/GCF_900654255.2_MTB79112.3,SAMEA5208902,,
GCF_900654245.2,MTB36.2,Mycobacterium tuberculosis (high G+C Gram-positive bacteria),ftp://ftp.ncbi.nlm.nih.gov/genomes/all/GCF/900/654/245/GCF_900654245.2_MTB36.2,SAMEA5208904,,
GCF_040821995.1,INP40868,Mycobacterium tuberculosis (high G+C Gram-positive bacteria),ftp://ftp.ncbi.nlm.nih.gov/genomes/all/GCF/040/821/995/GCF_040821995.1_INP40868,SAMN37563205,,
GCF_040820805.1,INP40579,Mycobacterium tuberculosis (high G+C Gram-positive bacteria),ftp://ftp.ncbi.nlm.nih.gov/genomes/all/GCF/040/820/805/GCF_040820805.1_INP40579,SAMN37563204,,
GCF_040820795.1,INP40543,Mycobacterium tuberculosis (high G+C Gram-positive bacteria),ftp://ftp.ncbi.nlm.nih.gov/genomes/all/GCF/040/820/795/GCF_040820795.1_INP40543,SAMN37563203,,
GCF_040820775.1,INP37032,Mycobacterium tuberculosis (high G+C Gram-positive bacteria),ftp://ftp.ncbi.nlm.nih.gov/genomes/all/GCF/040/820/775/GCF_040820775.1_INP37032,SAMN37563201,,
GCF_040820205.1,INP29366,Mycobacterium tuberculosis (high G+C Gram-positive bacteria),ftp://ftp.ncbi.nlm.nih.gov/genomes/all/GCF/040/820/205/GCF_040820205.1_INP29366,SAMN37563200,,
GCF_040820195.1,INP25474,Mycobacterium tuberculosis (high G+C Gram-positive bacteria),ftp://ftp.ncbi.nlm.nih.gov/genomes/all/GCF/040/820/195/GCF_040820195.1_INP25474,SAMN37563199,,
GCF_040820185.1,INP17688,Mycobacterium tuberculosis (high G+C Gram-positive bacteria),ftp://ftp.ncbi.nlm.nih.gov/genomes/all/GCF/040/820/185/GCF_040820185.1_INP17688,SAMN37563198,,
GCF_040820175.1,INP15966,Mycobacterium tuberculosis (high G+C Gram-positive bacteria),ftp://ftp.ncbi.nlm.nih.gov/genomes/all/GCF/040/820/175/GCF_040820175.1_INP15966,SAMN37563197,,
GCF_040735165.1,IP40868,Mycobacterium tuberculosis (high G+C Gram-positive bacteria),ftp://ftp.ncbi.nlm.nih.gov/genomes/all/GCF/040/735/165/GCF_040735165.1_IP40868,SAMN37563205,,
GCF_040735135.1,IP40579,Mycobacterium tuberculosis (high G+C Gram-positive bacteria),ftp://ftp.ncbi.nlm.nih.gov/genomes/all/GCF/040/735/135/GCF_040735135.1_IP40579,SAMN37563204,,
GCF_040735125.1,IP40543,Mycobacterium tuberculosis (high G+C Gram-positive bacteria),ftp://ftp.ncbi.nlm.nih.gov/genomes/all/GCF/040/735/125/GCF_040735125.1_IP40543,SAMN37563203,,
GCF_040735105.1,IP37032,Mycobacterium tuberculosis (high G+C Gram-positive bacteria),ftp://ftp.ncbi.nlm.nih.gov/genomes/all/GCF/040/735/105/GCF_040735105.1_IP37032,SAMN37563201,,
GCF_040735095.1,IP29366,Mycobacterium tuberculosis (high G+C Gram-positive bacteria),ftp://ftp.ncbi.nlm.nih.gov/genomes/all/GCF/040/735/095/GCF_040735095.1_IP29366,SAMN37563200,,
GCF_040735085.1,IP25474,Mycobacterium tuberculosis (high G+C Gram-positive bacteria),ftp://ftp.ncbi.nlm.nih.gov/genomes/all/GCF/040/735/085/GCF_040735085.1_IP25474,SAMN37563199,,
GCF_040734995.1,IP17688,Mycobacterium tuberculosis (high G+C Gram-positive bacteria),ftp://ftp.ncbi.nlm.nih.gov/genomes/all/GCF/040/734/995/GCF_040734995.1_IP17688,SAMN37563198,,
GCF_040734645.1,IP15966,Mycobacterium tuberculosis (high G+C Gram-positive bacteria),ftp://ftp.ncbi.nlm.nih.gov/genomes/all/GCF/040/734/645/GCF_040734645.1_IP15966,SAMN37563197,,
GCF_040125985.1,ASM4012598v1,Mycobacterium tuberculosis (high G+C Gram-positive bacteria),ftp://ftp.ncbi.nlm.nih.gov/genomes/all/GCF/040/125/985/GCF_040125985.1_ASM4012598v1,SAMN39672213,,
GCF_039907285.1,IN40543,Mycobacterium tuberculosis (high G+C Gram-positive bacteria),ftp://ftp.ncbi.nlm.nih.gov/genomes/all/GCF/039/907/285/GCF_039907285.1_IN40543,SAMN37563194,,
GCF_039906665.1,IN37032,Mycobacterium tuberculosis (high G+C Gram-positive bacteria),ftp://ftp.ncbi.nlm.nih.gov/genomes/all/GCF/039/906/665/GCF_039906665.1_IN37032,SAMN37563192,,
GCF_039906635.1,IN29366,Mycobacterium tuberculosis (high G+C Gram-positive bacteria),ftp://ftp.ncbi.nlm.nih.gov/genomes/all/GCF/039/906/635/GCF_039906635.1_IN29366,SAMN37563191,,
GCF_039906595.1,IN17688,Mycobacterium tuberculosis (high G+C Gram-positive bacteria),ftp://ftp.ncbi.nlm.nih.gov/genomes/all/GCF/039/906/595/GCF_039906595.1_IN17688,SAMN37563189,,
GCF_039906395.1,I40868,Mycobacterium tuberculosis (high G+C Gram-positive bacteria),ftp://ftp.ncbi.nlm.nih.gov/genomes/all/GCF/039/906/395/GCF_039906395.1_I40868,SAMN14417277,,
GCF_039906325.1,I40579,Mycobacterium tuberculosis (high G+C Gram-positive bacteria),ftp://ftp.ncbi.nlm.nih.gov/genomes/all/GCF/039/906/325/GCF_039906325.1_I40579,SAMN13735705,,
GCF_039906255.1,I40543,Mycobacterium tuberculosis (high G+C Gram-positive bacteria),ftp://ftp.ncbi.nlm.nih.gov/genomes/all/GCF/039/906/255/GCF_039906255.1_I40543,SAMN13735704,,
GCF_039906165.1,I37446,Mycobacterium tuberculosis (high G+C Gram-positive bacteria),ftp://ftp.ncbi.nlm.nih.gov/genomes/all/GCF/039/906/165/GCF_039906165.1_I37446,SAMN13735698,,
GCF_039906135.1,I37032,Mycobacterium tuberculosis (high G+C Gram-positive bacteria),ftp://ftp.ncbi.nlm.nih.gov/genomes/all/GCF/039/906/135/GCF_039906135.1_I37032,SAMN13735693,,
GCF_039906105.1,I29366,Mycobacterium tuberculosis (high G+C Gram-positive bacteria),ftp://ftp.ncbi.nlm.nih.gov/genomes/all/GCF/039/906/105/GCF_039906105.1_I29366,SAMN13735027,,
GCF_039906095.1,I25474,Mycobacterium tuberculosis (high G+C Gram-positive bacteria),ftp://ftp.ncbi.nlm.nih.gov/genomes/all/GCF/039/906/095/GCF_039906095.1_I25474,SAMN13735031,,
GCF_039906085.1,I17688,Mycobacterium tuberculosis (high G+C Gram-positive bacteria),ftp://ftp.ncbi.nlm.nih.gov/genomes/all/GCF/039/906/085/GCF_039906085.1_I17688,SAMN13735017,,
GCF_039906075.1,I15966_ragout.fasta,Mycobacterium tuberculosis (high G+C Gram-positive bacteria),ftp://ftp.ncbi.nlm.nih.gov/genomes/all/GCF/039/906/075/GCF_039906075.1_I15966_ragout.fasta,SAMN13735008,,
GCF_039880295.1,ASM3988029v1,Mycobacterium tuberculosis (high G+C Gram-positive bacteria),ftp://ftp.ncbi.nlm.nih.gov/genomes/all/GCF/039/880/295/GCF_039880295.1_ASM3988029v1,SAMN39672214,,
GCF_031201715.1,ASM3120171v1,Mycobacterium tuberculosis variant bovis (high G+C Gram-positive bacteria),ftp://ftp.ncbi.nlm.nih.gov/genomes/all/GCF/031/201/715/GCF_031201715.1_ASM3120171v1,SAMN37191477,,
GCA_031201695.1,ASM3120169v1,Mycobacterium tuberculosis variant bovis (high G+C Gram-positive bacteria),,SAMN37191475,,
GCF_031201325.1,ASM3120132v1,Mycobacterium tuberculosis variant bovis (high G+C Gram-positive bacteria),ftp://ftp.ncbi.nlm.nih.gov/genomes/all/GCF/031/201/325/GCF_031201325.1_ASM3120132v1,SAMN37191474,,
GCF_031199985.1,ASM3119998v1,Mycobacterium tuberculosis variant bovis (high G+C Gram-positive bacteria),ftp://ftp.ncbi.nlm.nih.gov/genomes/all/GCF/031/199/985/GCF_031199985.1_ASM3119998v1,SAMN37191476,,
GCF_026013685.1,ASM2601368v1,Mycobacterium tuberculosis variant bovis (high G+C Gram-positive bacteria),ftp://ftp.ncbi.nlm.nih.gov/genomes/all/GCF/026/013/685/GCF_026013685.1_ASM2601368v1,SAMN31257360,,
GCF_025908415.1,ASM2590841v1,Mycobacterium tuberculosis variant bovis (high G+C Gram-positive bacteria),ftp://ftp.ncbi.nlm.nih.gov/genomes/all/GCF/025/908/415/GCF_025908415.1_ASM2590841v1,SAMN31257361,,
GCF_020861365.1,ASM2086136v1,Mycobacterium tuberculosis (high G+C Gram-positive bacteria),ftp://ftp.ncbi.nlm.nih.gov/genomes/all/GCF/020/861/365/GCF_020861365.1_ASM2086136v1,SAMN21593449,,
GCF_020684785.1,ASM2068478v1,Mycobacterium tuberculosis (high G+C Gram-positive bacteria),ftp://ftp.ncbi.nlm.nih.gov/genomes/all/GCF/020/684/785/GCF_020684785.1_ASM2068478v1,SAMN21593484,,
GCF_020684765.1,ASM2068476v1,Mycobacterium tuberculosis (high G+C Gram-positive bacteria),ftp://ftp.ncbi.nlm.nih.gov/genomes/all/GCF/020/684/765/GCF_020684765.1_ASM2068476v1,SAMN21593483,,
GCF_020684745.1,ASM2068474v1,Mycobacterium tuberculosis (high G+C Gram-positive bacteria),ftp://ftp.ncbi.nlm.nih.gov/genomes/all/GCF/020/684/745/GCF_020684745.1_ASM2068474v1,SAMN21593482,,
GCF_020684725.1,ASM2068472v1,Mycobacterium tuberculosis (high G+C Gram-positive bacteria),ftp://ftp.ncbi.nlm.nih.gov/genomes/all/GCF/020/684/725/GCF_020684725.1_ASM2068472v1,SAMN21593481,,
GCF_020684705.1,ASM2068470v1,Mycobacterium tuberculosis (high G+C Gram-positive bacteria),ftp://ftp.ncbi.nlm.nih.gov/genomes/all/GCF/020/684/705/GCF_020684705.1_ASM2068470v1,SAMN21593480,,
GCF_020684685.1,ASM2068468v1,Mycobacterium tuberculosis (high G+C Gram-positive bacteria),ftp://ftp.ncbi.nlm.nih.gov/genomes/all/GCF/020/684/685/GCF_020684685.1_ASM2068468v1,SAMN21593479,,
GCF_020684665.1,ASM2068466v1,Mycobacterium tuberculosis (high G+C Gram-positive bacteria),ftp://ftp.ncbi.nlm.nih.gov/genomes/all/GCF/020/684/665/GCF_020684665.1_ASM2068466v1,SAMN21593478,,
GCF_020684645.1,ASM2068464v1,Mycobacterium tuberculosis (high G+C Gram-positive bacteria),ftp://ftp.ncbi.nlm.nih.gov/genomes/all/GCF/020/684/645/GCF_020684645.1_ASM2068464v1,SAMN21593477,,
GCF_020684625.1,ASM2068462v1,Mycobacterium tuberculosis (high G+C Gram-positive bacteria),ftp://ftp.ncbi.nlm.nih.gov/genomes/all/GCF/020/684/625/GCF_020684625.1_ASM2068462v1,SAMN21593476,,
GCF_020684605.1,ASM2068460v1,Mycobacterium tuberculosis (high G+C Gram-positive bacteria),ftp://ftp.ncbi.nlm.nih.gov/genomes/all/GCF/020/684/605/GCF_020684605.1_ASM2068460v1,SAMN21593475,,
GCF_020684585.1,ASM2068458v1,Mycobacterium tuberculosis (high G+C Gram-positive bacteria),ftp://ftp.ncbi.nlm.nih.gov/genomes/all/GCF/020/684/585/GCF_020684585.1_ASM2068458v1,SAMN21593474,,
GCF_020684565.1,ASM2068456v1,Mycobacterium tuberculosis (high G+C Gram-positive bacteria),ftp://ftp.ncbi.nlm.nih.gov/genomes/all/GCF/020/684/565/GCF_020684565.1_ASM2068456v1,SAMN21593473,,
GCF_020684545.1,ASM2068454v1,Mycobacterium tuberculosis (high G+C Gram-positive bacteria),ftp://ftp.ncbi.nlm.nih.gov/genomes/all/GCF/020/684/545/GCF_020684545.1_ASM2068454v1,SAMN21593472,,
GCF_020684525.1,ASM2068452v1,Mycobacterium tuberculosis (high G+C Gram-positive bacteria),ftp://ftp.ncbi.nlm.nih.gov/genomes/all/GCF/020/684/525/GCF_020684525.1_ASM2068452v1,SAMN21593470,,
GCF_020684505.1,ASM2068450v1,Mycobacterium tuberculosis (high G+C Gram-positive bacteria),ftp://ftp.ncbi.nlm.nih.gov/genomes/all/GCF/020/684/505/GCF_020684505.1_ASM2068450v1,SAMN21593471,,
GCF_020684485.1,ASM2068448v1,Mycobacterium tuberculosis (high G+C Gram-positive bacteria),ftp://ftp.ncbi.nlm.nih.gov/genomes/all/GCF/020/684/485/GCF_020684485.1_ASM2068448v1,SAMN21593469,,
GCF_020684465.1,ASM2068446v1,Mycobacterium tuberculosis (high G+C Gram-positive bacteria),ftp://ftp.ncbi.nlm.nih.gov/genomes/all/GCF/020/684/465/GCF_020684465.1_ASM2068446v1,SAMN21593468,,
GCF_020684445.1,ASM2068444v1,Mycobacterium tuberculosis (high G+C Gram-positive bacteria),ftp://ftp.ncbi.nlm.nih.gov/genomes/all/GCF/020/684/445/GCF_020684445.1_ASM2068444v1,SAMN21593467,,
GCF_020684425.1,ASM2068442v1,Mycobacterium tuberculosis (high G+C Gram-positive bacteria),ftp://ftp.ncbi.nlm.nih.gov/genomes/all/GCF/020/684/425/GCF_020684425.1_ASM2068442v1,SAMN21593466,,
GCF_020684405.1,ASM2068440v1,Mycobacterium tuberculosis (high G+C Gram-positive bacteria),ftp://ftp.ncbi.nlm.nih.gov/genomes/all/GCF/020/684/405/GCF_020684405.1_ASM2068440v1,SAMN21593465,,
GCF_020684385.1,ASM2068438v1,Mycobacterium tuberculosis (high G+C Gram-positive bacteria),ftp://ftp.ncbi.nlm.nih.gov/genomes/all/GCF/020/684/385/GCF_020684385.1_ASM2068438v1,SAMN21593464,,
GCF_020684365.1,ASM2068436v1,Mycobacterium tuberculosis (high G+C Gram-positive bacteria),ftp://ftp.ncbi.nlm.nih.gov/genomes/all/GCF/020/684/365/GCF_020684365.1_ASM2068436v1,SAMN21593463,,
GCF_020684345.1,ASM2068434v1,Mycobacterium tuberculosis (high G+C Gram-positive bacteria),ftp://ftp.ncbi.nlm.nih.gov/genomes/all/GCF/020/684/345/GCF_020684345.1_ASM2068434v1,SAMN21593462,,
GCF_020684325.1,ASM2068432v1,Mycobacterium tuberculosis (high G+C Gram-positive bacteria),ftp://ftp.ncbi.nlm.nih.gov/genomes/all/GCF/020/684/325/GCF_020684325.1_ASM2068432v1,SAMN21593461,,
GCF_020684305.1,ASM2068430v1,Mycobacterium tuberculosis (high G+C Gram-positive bacteria),ftp://ftp.ncbi.nlm.nih.gov/genomes/all/GCF/020/684/305/GCF_020684305.1_ASM2068430v1,SAMN21593460,,
GCF_020684285.1,ASM2068428v1,Mycobacterium tuberculosis (high G+C Gram-positive bacteria),ftp://ftp.ncbi.nlm.nih.gov/genomes/all/GCF/020/684/285/GCF_020684285.1_ASM2068428v1,SAMN21593459,,
GCF_020684265.1,ASM2068426v1,Mycobacterium tuberculosis (high G+C Gram-positive bacteria),ftp://ftp.ncbi.nlm.nih.gov/genomes/all/GCF/020/684/265/GCF_020684265.1_ASM2068426v1,SAMN21593458,,
GCF_020684245.1,ASM2068424v1,Mycobacterium tuberculosis (high G+C Gram-positive bacteria),ftp://ftp.ncbi.nlm.nih.gov/genomes/all/GCF/020/684/245/GCF_020684245.1_ASM2068424v1,SAMN21593457,,
GCF_020684225.1,ASM2068422v1,Mycobacterium tuberculosis (high G+C Gram-positive bacteria),ftp://ftp.ncbi.nlm.nih.gov/genomes/all/GCF/020/684/225/GCF_020684225.1_ASM2068422v1,SAMN21593456,,
GCF_020684205.1,ASM2068420v1,Mycobacterium tuberculosis (high G+C Gram-positive bacteria),ftp://ftp.ncbi.nlm.nih.gov/genomes/all/GCF/020/684/205/GCF_020684205.1_ASM2068420v1,SAMN21593455,,
GCF_020684185.1,ASM2068418v1,Mycobacterium tuberculosis (high G+C Gram-positive bacteria),ftp://ftp.ncbi.nlm.nih.gov/genomes/all/GCF/020/684/185/GCF_020684185.1_ASM2068418v1,SAMN21593454,,
GCF_020684165.1,ASM2068416v1,Mycobacterium tuberculosis (high G+C Gram-positive bacteria),ftp://ftp.ncbi.nlm.nih.gov/genomes/all/GCF/020/684/165/GCF_020684165.1_ASM2068416v1,SAMN21593453,,
GCF_020684145.1,ASM2068414v1,Mycobacterium tuberculosis (high G+C Gram-positive bacteria),ftp://ftp.ncbi.nlm.nih.gov/genomes/all/GCF/020/684/145/GCF_020684145.1_ASM2068414v1,SAMN21593452,,
GCF_020684125.1,ASM2068412v1,Mycobacterium tuberculosis (high G+C Gram-positive bacteria),ftp://ftp.ncbi.nlm.nih.gov/genomes/all/GCF/020/684/125/GCF_020684125.1_ASM2068412v1,SAMN21593451,,
GCF_020684105.1,ASM2068410v1,Mycobacterium tuberculosis (high G+C Gram-positive bacteria),ftp://ftp.ncbi.nlm.nih.gov/genomes/all/GCF/020/684/105/GCF_020684105.1_ASM2068410v1,SAMN21593450,,
GCF_020684085.1,ASM2068408v1,Mycobacterium tuberculosis (high G+C Gram-positive bacteria),ftp://ftp.ncbi.nlm.nih.gov/genomes/all/GCF/020/684/085/GCF_020684085.1_ASM2068408v1,SAMN21593448,,
GCF_020684065.1,ASM2068406v1,Mycobacterium tuberculosis (high G+C Gram-positive bacteria),ftp://ftp.ncbi.nlm.nih.gov/genomes/all/GCF/020/684/065/GCF_020684065.1_ASM2068406v1,SAMN21593447,,
GCF_020684045.1,ASM2068404v1,Mycobacterium tuberculosis (high G+C Gram-positive bacteria),ftp://ftp.ncbi.nlm.nih.gov/genomes/all/GCF/020/684/045/GCF_020684045.1_ASM2068404v1,SAMN21593446,,
GCF_020684025.1,ASM2068402v1,Mycobacterium tuberculosis (high G+C Gram-positive bacteria),ftp://ftp.ncbi.nlm.nih.gov/genomes/all/GCF/020/684/025/GCF_020684025.1_ASM2068402v1,SAMN21593445,,
GCF_020684005.1,ASM2068400v1,Mycobacterium tuberculosis (high G+C Gram-positive bacteria),ftp://ftp.ncbi.nlm.nih.gov/genomes/all/GCF/020/684/005/GCF_020684005.1_ASM2068400v1,SAMN21593444,,
GCF_020683985.1,ASM2068398v1,Mycobacterium tuberculosis (high G+C Gram-positive bacteria),ftp://ftp.ncbi.nlm.nih.gov/genomes/all/GCF/020/683/985/GCF_020683985.1_ASM2068398v1,SAMN21593443,,
GCF_020683965.1,ASM2068396v1,Mycobacterium tuberculosis (high G+C Gram-positive bacteria),ftp://ftp.ncbi.nlm.nih.gov/genomes/all/GCF/020/683/965/GCF_020683965.1_ASM2068396v1,SAMN21593442,,
GCF_020683945.1,ASM2068394v1,Mycobacterium tuberculosis (high G+C Gram-positive bacteria),ftp://ftp.ncbi.nlm.nih.gov/genomes/all/GCF/020/683/945/GCF_020683945.1_ASM2068394v1,SAMN21593441,,
GCF_020683925.1,ASM2068392v1,Mycobacterium tuberculosis (high G+C Gram-positive bacteria),ftp://ftp.ncbi.nlm.nih.gov/genomes/all/GCF/020/683/925/GCF_020683925.1_ASM2068392v1,SAMN21593440,,
GCF_020683905.1,ASM2068390v1,Mycobacterium tuberculosis (high G+C Gram-positive bacteria),ftp://ftp.ncbi.nlm.nih.gov/genomes/all/GCF/020/683/905/GCF_020683905.1_ASM2068390v1,SAMN21593439,,
GCF_020683885.1,ASM2068388v1,Mycobacterium tuberculosis (high G+C Gram-positive bacteria),ftp://ftp.ncbi.nlm.nih.gov/genomes/all/GCF/020/683/885/GCF_020683885.1_ASM2068388v1,SAMN21593438,,
GCF_020683865.1,ASM2068386v1,Mycobacterium tuberculosis (high G+C Gram-positive bacteria),ftp://ftp.ncbi.nlm.nih.gov/genomes/all/GCF/020/683/865/GCF_020683865.1_ASM2068386v1,SAMN21593437,,
GCF_020683845.1,ASM2068384v1,Mycobacterium tuberculosis (high G+C Gram-positive bacteria),ftp://ftp.ncbi.nlm.nih.gov/genomes/all/GCF/020/683/845/GCF_020683845.1_ASM2068384v1,SAMN21593436,,
GCF_020683825.1,ASM2068382v1,Mycobacterium tuberculosis (high G+C Gram-positive bacteria),ftp://ftp.ncbi.nlm.nih.gov/genomes/all/GCF/020/683/825/GCF_020683825.1_ASM2068382v1,SAMN21593435,,
GCF_020683805.1,ASM2068380v1,Mycobacterium tuberculosis (high G+C Gram-positive bacteria),ftp://ftp.ncbi.nlm.nih.gov/genomes/all/GCF/020/683/805/GCF_020683805.1_ASM2068380v1,SAMN21593434,,
GCF_020683785.1,ASM2068378v1,Mycobacterium tuberculosis (high G+C Gram-positive bacteria),ftp://ftp.ncbi.nlm.nih.gov/genomes/all/GCF/020/683/785/GCF_020683785.1_ASM2068378v1,SAMN21593433,,
GCF_020683765.1,ASM2068376v1,Mycobacterium tuberculosis (high G+C Gram-positive bacteria),ftp://ftp.ncbi.nlm.nih.gov/genomes/all/GCF/020/683/765/GCF_020683765.1_ASM2068376v1,SAMN21593432,,
GCF_020683745.1,ASM2068374v1,Mycobacterium tuberculosis (high G+C Gram-positive bacteria),ftp://ftp.ncbi.nlm.nih.gov/genomes/all/GCF/020/683/745/GCF_020683745.1_ASM2068374v1,SAMN21593431,,
GCF_020683725.1,ASM2068372v1,Mycobacterium tuberculosis (high G+C Gram-positive bacteria),ftp://ftp.ncbi.nlm.nih.gov/genomes/all/GCF/020/683/725/GCF_020683725.1_ASM2068372v1,SAMN21593430,,
GCF_020683705.1,ASM2068370v1,Mycobacterium tuberculosis (high G+C Gram-positive bacteria),ftp://ftp.ncbi.nlm.nih.gov/genomes/all/GCF/020/683/705/GCF_020683705.1_ASM2068370v1,SAMN21593429,,
GCF_020683685.1,ASM2068368v1,Mycobacterium tuberculosis (high G+C Gram-positive bacteria),ftp://ftp.ncbi.nlm.nih.gov/genomes/all/GCF/020/683/685/GCF_020683685.1_ASM2068368v1,SAMN21593428,,
GCF_020683665.1,ASM2068366v1,Mycobacterium tuberculosis (high G+C Gram-positive bacteria),ftp://ftp.ncbi.nlm.nih.gov/genomes/all/GCF/020/683/665/GCF_020683665.1_ASM2068366v1,SAMN21593427,,
GCF_020683645.1,ASM2068364v1,Mycobacterium tuberculosis (high G+C Gram-positive bacteria),ftp://ftp.ncbi.nlm.nih.gov/genomes/all/GCF/020/683/645/GCF_020683645.1_ASM2068364v1,SAMN21593426,,
GCF_020683625.1,ASM2068362v1,Mycobacterium tuberculosis (high G+C Gram-positive bacteria),ftp://ftp.ncbi.nlm.nih.gov/genomes/all/GCF/020/683/625/GCF_020683625.1_ASM2068362v1,SAMN21593425,,
GCF_020683605.1,ASM2068360v1,Mycobacterium tuberculosis (high G+C Gram-positive bacteria),ftp://ftp.ncbi.nlm.nih.gov/genomes/all/GCF/020/683/605/GCF_020683605.1_ASM2068360v1,SAMN21593424,,
GCF_020683585.1,ASM2068358v1,Mycobacterium tuberculosis (high G+C Gram-positive bacteria),ftp://ftp.ncbi.nlm.nih.gov/genomes/all/GCF/020/683/585/GCF_020683585.1_ASM2068358v1,SAMN21593423,,
GCF_020683565.1,ASM2068356v1,Mycobacterium tuberculosis (high G+C Gram-positive bacteria),ftp://ftp.ncbi.nlm.nih.gov/genomes/all/GCF/020/683/565/GCF_020683565.1_ASM2068356v1,SAMN21593420,,
GCF_020683545.1,ASM2068354v1,Mycobacterium tuberculosis (high G+C Gram-positive bacteria),ftp://ftp.ncbi.nlm.nih.gov/genomes/all/GCF/020/683/545/GCF_020683545.1_ASM2068354v1,SAMN21593414,,
GCF_020683525.1,ASM2068352v1,Mycobacterium tuberculosis (high G+C Gram-positive bacteria),ftp://ftp.ncbi.nlm.nih.gov/genomes/all/GCF/020/683/525/GCF_020683525.1_ASM2068352v1,SAMN21593412,,
GCF_020683505.1,ASM2068350v1,Mycobacterium tuberculosis (high G+C Gram-positive bacteria),ftp://ftp.ncbi.nlm.nih.gov/genomes/all/GCF/020/683/505/GCF_020683505.1_ASM2068350v1,SAMN21593411,,
GCF_020683485.1,ASM2068348v1,Mycobacterium tuberculosis (high G+C Gram-positive bacteria),ftp://ftp.ncbi.nlm.nih.gov/genomes/all/GCF/020/683/485/GCF_020683485.1_ASM2068348v1,SAMN21593408,,
GCF_020683465.1,ASM2068346v1,Mycobacterium tuberculosis (high G+C Gram-positive bacteria),ftp://ftp.ncbi.nlm.nih.gov/genomes/all/GCF/020/683/465/GCF_020683465.1_ASM2068346v1,SAMN21593422,,
GCF_020683445.1,ASM2068344v1,Mycobacterium tuberculosis (high G+C Gram-positive bacteria),ftp://ftp.ncbi.nlm.nih.gov/genomes/all/GCF/020/683/445/GCF_020683445.1_ASM2068344v1,SAMN21593421,,
GCF_020683425.1,ASM2068342v1,Mycobacterium tuberculosis (high G+C Gram-positive bacteria),ftp://ftp.ncbi.nlm.nih.gov/genomes/all/GCF/020/683/425/GCF_020683425.1_ASM2068342v1,SAMN21593419,,
GCF_020683405.1,ASM2068340v1,Mycobacterium tuberculosis (high G+C Gram-positive bacteria),ftp://ftp.ncbi.nlm.nih.gov/genomes/all/GCF/020/683/405/GCF_020683405.1_ASM2068340v1,SAMN21593418,,
GCF_020683385.1,ASM2068338v1,Mycobacterium tuberculosis (high G+C Gram-positive bacteria),ftp://ftp.ncbi.nlm.nih.gov/genomes/all/GCF/020/683/385/GCF_020683385.1_ASM2068338v1,SAMN21593417,,
GCF_020683365.1,ASM2068336v1,Mycobacterium tuberculosis (high G+C Gram-positive bacteria),ftp://ftp.ncbi.nlm.nih.gov/genomes/all/GCF/020/683/365/GCF_020683365.1_ASM2068336v1,SAMN21593416,,
GCF_020683345.1,ASM2068334v1,Mycobacterium tuberculosis (high G+C Gram-positive bacteria),ftp://ftp.ncbi.nlm.nih.gov/genomes/all/GCF/020/683/345/GCF_020683345.1_ASM2068334v1,SAMN21593415,,
GCF_020683325.1,ASM2068332v1,Mycobacterium tuberculosis (high G+C Gram-positive bacteria),ftp://ftp.ncbi.nlm.nih.gov/genomes/all/GCF/020/683/325/GCF_020683325.1_ASM2068332v1,SAMN21593413,,
GCF_020683305.1,ASM2068330v1,Mycobacterium tuberculosis (high G+C Gram-positive bacteria),ftp://ftp.ncbi.nlm.nih.gov/genomes/all/GCF/020/683/305/GCF_020683305.1_ASM2068330v1,SAMN21593410,,
GCF_020683285.1,ASM2068328v1,Mycobacterium tuberculosis (high G+C Gram-positive bacteria),ftp://ftp.ncbi.nlm.nih.gov/genomes/all/GCF/020/683/285/GCF_020683285.1_ASM2068328v1,SAMN21593409,,
GCF_019454365.1,ASM1945436v1,Mycobacterium tuberculosis (high G+C Gram-positive bacteria),ftp://ftp.ncbi.nlm.nih.gov/genomes/all/GCF/019/454/365/GCF_019454365.1_ASM1945436v1,SAMN18928235,,
GCF_905183025.1,MAF01v1,Mycobacterium tuberculosis variant africanum (high G+C Gram-positive bacteria),ftp://ftp.ncbi.nlm.nih.gov/genomes/all/GCF/905/183/025/GCF_905183025.1_MAF01v1,SAMEA104679304,,
GCF_905183075.1,MAF65v1,Mycobacterium tuberculosis variant africanum (high G+C Gram-positive bacteria),ftp://ftp.ncbi.nlm.nih.gov/genomes/all/GCF/905/183/075/GCF_905183075.1_MAF65v1,SAMEA104679305,,
GCF_014217195.1,ASM1421719v1,Mycobacterium tuberculosis (high G+C Gram-positive bacteria),ftp://ftp.ncbi.nlm.nih.gov/genomes/all/GCF/014/217/195/GCF_014217195.1_ASM1421719v1,SAMN14969386,,
GCF_014217175.1,ASM1421717v1,Mycobacterium tuberculosis (high G+C Gram-positive bacteria),ftp://ftp.ncbi.nlm.nih.gov/genomes/all/GCF/014/217/175/GCF_014217175.1_ASM1421717v1,SAMN14969387,,
GCF_002504245.2,ASM250424v2,Mycobacterium tuberculosis variant bovis (high G+C Gram-positive bacteria),ftp://ftp.ncbi.nlm.nih.gov/genomes/all/GCF/002/504/245/GCF_002504245.2_ASM250424v2,SAMN07709478,,
GCF_009857015.1,ASM985701v1,Mycobacterium tuberculosis (high G+C Gram-positive bacteria),ftp://ftp.ncbi.nlm.nih.gov/genomes/all/GCF/009/857/015/GCF_009857015.1_ASM985701v1,SAMN10417144,,
GCF_009834005.1,ASM983400v1,Mycobacterium tuberculosis (high G+C Gram-positive bacteria),ftp://ftp.ncbi.nlm.nih.gov/genomes/all/GCF/009/834/005/GCF_009834005.1_ASM983400v1,SAMN10417147,,
GCF_009833985.1,ASM983398v1,Mycobacterium tuberculosis (high G+C Gram-positive bacteria),ftp://ftp.ncbi.nlm.nih.gov/genomes/all/GCF/009/833/985/GCF_009833985.1_ASM983398v1,SAMN10417148,,
GCF_008033095.1,ASM803309v1,Mycobacterium tuberculosis variant bovis (high G+C Gram-positive bacteria),ftp://ftp.ncbi.nlm.nih.gov/genomes/all/GCF/008/033/095/GCF_008033095.1_ASM803309v1,SAMN11954087,,
GCF_003704015.1,ASM370401v1,Mycobacterium tuberculosis variant bovis BCG (high G+C Gram-positive bacteria),ftp://ftp.ncbi.nlm.nih.gov/genomes/all/GCF/003/704/015/GCF_003704015.1_ASM370401v1,SAMN10278076,,
GCF_003703995.1,ASM370399v1,Mycobacterium tuberculosis variant bovis BCG (high G+C Gram-positive bacteria),ftp://ftp.ncbi.nlm.nih.gov/genomes/all/GCF/003/703/995/GCF_003703995.1_ASM370399v1,SAMN10279424,,
GCF_003129545.1,ASM312954v1,Mycobacterium tuberculosis (high G+C Gram-positive bacteria),ftp://ftp.ncbi.nlm.nih.gov/genomes/all/GCF/003/129/545/GCF_003129545.1_ASM312954v1,SAMN08765497,,
GCF_003044235.1,ASM304423v1,Mycobacterium tuberculosis (high G+C Gram-positive bacteria),ftp://ftp.ncbi.nlm.nih.gov/genomes/all/GCF/003/044/235/GCF_003044235.1_ASM304423v1,SAMN08794918,,
GCF_002946495.1,ASM294649v1,Mycobacterium tuberculosis (high G+C Gram-positive bacteria),ftp://ftp.ncbi.nlm.nih.gov/genomes/all/GCF/002/946/495/GCF_002946495.1_ASM294649v1,SAMN08462824,,
GCA_002895065.1,ASM289506v1,Mycobacterium tuberculosis (high G+C Gram-positive bacteria),,SAMN06854786,,
GCF_002290165.1,ASM229016v1,Mycobacterium tuberculosis (high G+C Gram-positive bacteria),ftp://ftp.ncbi.nlm.nih.gov/genomes/all/GCF/002/290/165/GCF_002290165.1_ASM229016v1,SAMN07570350,,
GCF_002290145.1,ASM229014v1,Mycobacterium tuberculosis (high G+C Gram-positive bacteria),ftp://ftp.ncbi.nlm.nih.gov/genomes/all/GCF/002/290/145/GCF_002290145.1_ASM229014v1,SAMN07570351,,
GCF_001969025.1,ASM196902v1,Mycobacterium tuberculosis (high G+C Gram-positive bacteria),ftp://ftp.ncbi.nlm.nih.gov/genomes/all/GCF/001/969/025/GCF_001969025.1_ASM196902v1,SAMN04595071,,
GCF_001969035.1,ASM196903v1,Mycobacterium tuberculosis (high G+C Gram-positive bacteria),ftp://ftp.ncbi.nlm.nih.gov/genomes/all/GCF/001/969/035/GCF_001969035.1_ASM196903v1,SAMN04595072,,
GCF_002000965.1,ASM200096v1,Mycobacterium tuberculosis TRS22 (high G+C Gram-positive bacteria),ftp://ftp.ncbi.nlm.nih.gov/genomes/all/GCF/002/000/965/GCF_002000965.1_ASM200096v1,SAMN02837642,,
GCF_002000945.1,ASM200094v1,Mycobacterium tuberculosis TRS29 (high G+C Gram-positive bacteria),ftp://ftp.ncbi.nlm.nih.gov/genomes/all/GCF/002/000/945/GCF_002000945.1_ASM200094v1,SAMN02837649,,
GCF_002000925.1,ASM200092v1,Mycobacterium tuberculosis TRS10 (high G+C Gram-positive bacteria),ftp://ftp.ncbi.nlm.nih.gov/genomes/all/GCF/002/000/925/GCF_002000925.1_ASM200092v1,SAMN02837630,,
GCF_002000905.1,ASM200090v1,Mycobacterium tuberculosis TRS25 (high G+C Gram-positive bacteria),ftp://ftp.ncbi.nlm.nih.gov/genomes/all/GCF/002/000/905/GCF_002000905.1_ASM200090v1,SAMN02837645,,
GCF_001998735.1,ASM199873v1,Mycobacterium tuberculosis TRS26 (high G+C Gram-positive bacteria),ftp://ftp.ncbi.nlm.nih.gov/genomes/all/GCF/001/998/735/GCF_001998735.1_ASM199873v1,SAMN02837646,,
GCF_001998705.1,ASM199870v1,Mycobacterium tuberculosis TRS24 (high G+C Gram-positive bacteria),ftp://ftp.ncbi.nlm.nih.gov/genomes/all/GCF/001/998/705/GCF_001998705.1_ASM199870v1,SAMN02837644,,
GCF_001998645.1,ASM199864v1,Mycobacterium tuberculosis TRS27 (high G+C Gram-positive bacteria),ftp://ftp.ncbi.nlm.nih.gov/genomes/all/GCF/001/998/645/GCF_001998645.1_ASM199864v1,SAMN02837647,,
GCF_001998585.1,ASM199858v1,Mycobacterium tuberculosis TRS11 (high G+C Gram-positive bacteria),ftp://ftp.ncbi.nlm.nih.gov/genomes/all/GCF/001/998/585/GCF_001998585.1_ASM199858v1,SAMN02837631,,
GCF_001998545.1,ASM199854v1,Mycobacterium tuberculosis TRS8 (high G+C Gram-positive bacteria),ftp://ftp.ncbi.nlm.nih.gov/genomes/all/GCF/001/998/545/GCF_001998545.1_ASM199854v1,SAMN02837628,,
GCF_001998485.1,ASM199848v1,Mycobacterium tuberculosis TRS28 (high G+C Gram-positive bacteria),ftp://ftp.ncbi.nlm.nih.gov/genomes/all/GCF/001/998/485/GCF_001998485.1_ASM199848v1,SAMN02837648,,
GCF_001998455.1,ASM199845v1,Mycobacterium tuberculosis TRS4 (high G+C Gram-positive bacteria),ftp://ftp.ncbi.nlm.nih.gov/genomes/all/GCF/001/998/455/GCF_001998455.1_ASM199845v1,SAMN02837624,,
GCF_001998425.1,ASM199842v1,Mycobacterium tuberculosis TRS6 (high G+C Gram-positive bacteria),ftp://ftp.ncbi.nlm.nih.gov/genomes/all/GCF/001/998/425/GCF_001998425.1_ASM199842v1,SAMN02837626,,
GCF_001998365.1,ASM199836v1,Mycobacterium tuberculosis TRS2 (high G+C Gram-positive bacteria),ftp://ftp.ncbi.nlm.nih.gov/genomes/all/GCF/001/998/365/GCF_001998365.1_ASM199836v1,SAMN02837623,,
GCF_001998265.1,ASM199826v1,Mycobacterium tuberculosis TRS18 (high G+C Gram-positive bacteria),ftp://ftp.ncbi.nlm.nih.gov/genomes/all/GCF/001/998/265/GCF_001998265.1_ASM199826v1,SAMN02837638,,
GCF_001998225.1,ASM199822v1,Mycobacterium tuberculosis TRS15 (high G+C Gram-positive bacteria),ftp://ftp.ncbi.nlm.nih.gov/genomes/all/GCF/001/998/225/GCF_001998225.1_ASM199822v1,SAMN02837635,,
GCF_001998175.1,ASM199817v1,Mycobacterium tuberculosis TRS12 (high G+C Gram-positive bacteria),ftp://ftp.ncbi.nlm.nih.gov/genomes/all/GCF/001/998/175/GCF_001998175.1_ASM199817v1,SAMN02837632,,
GCF_001998145.1,ASM199814v1,Mycobacterium tuberculosis TRS14 (high G+C Gram-positive bacteria),ftp://ftp.ncbi.nlm.nih.gov/genomes/all/GCF/001/998/145/GCF_001998145.1_ASM199814v1,SAMN02837634,,
GCF_001998105.1,ASM199810v1,Mycobacterium tuberculosis TRS23 (high G+C Gram-positive bacteria),ftp://ftp.ncbi.nlm.nih.gov/genomes/all/GCF/001/998/105/GCF_001998105.1_ASM199810v1,SAMN02837643,,
GCF_001998075.1,ASM199807v1,Mycobacterium tuberculosis TRS5 (high G+C Gram-positive bacteria),ftp://ftp.ncbi.nlm.nih.gov/genomes/all/GCF/001/998/075/GCF_001998075.1_ASM199807v1,SAMN02837625,,
GCF_001998025.1,ASM199802v1,Mycobacterium tuberculosis TRS7 (high G+C Gram-positive bacteria),ftp://ftp.ncbi.nlm.nih.gov/genomes/all/GCF/001/998/025/GCF_001998025.1_ASM199802v1,SAMN02837627,,
GCF_001997975.1,ASM199797v1,Mycobacterium tuberculosis TRS19 (high G+C Gram-positive bacteria),ftp://ftp.ncbi.nlm.nih.gov/genomes/all/GCF/001/997/975/GCF_001997975.1_ASM199797v1,SAMN02837639,,
GCF_001997935.1,ASM199793v1,Mycobacterium tuberculosis TRS21 (high G+C Gram-positive bacteria),ftp://ftp.ncbi.nlm.nih.gov/genomes/all/GCF/001/997/935/GCF_001997935.1_ASM199793v1,SAMN02837641,,
GCF_001997885.1,ASM199788v1,Mycobacterium tuberculosis TRS13 (high G+C Gram-positive bacteria),ftp://ftp.ncbi.nlm.nih.gov/genomes/all/GCF/001/997/885/GCF_001997885.1_ASM199788v1,SAMN02837633,,
GCF_001997805.1,ASM199780v1,Mycobacterium tuberculosis TRS20 (high G+C Gram-positive bacteria),ftp://ftp.ncbi.nlm.nih.gov/genomes/all/GCF/001/997/805/GCF_001997805.1_ASM199780v1,SAMN02837640,,
GCF_001997775.1,ASM199777v1,Mycobacterium tuberculosis TRS17 (high G+C Gram-positive bacteria),ftp://ftp.ncbi.nlm.nih.gov/genomes/all/GCF/001/997/775/GCF_001997775.1_ASM199777v1,SAMN02837637,,
GCF_001997725.1,ASM199772v1,Mycobacterium tuberculosis TRS16 (high G+C Gram-positive bacteria),ftp://ftp.ncbi.nlm.nih.gov/genomes/all/GCF/001/997/725/GCF_001997725.1_ASM199772v1,SAMN02837636,,
GCF_001997695.1,ASM199769v1,Mycobacterium tuberculosis TRS1 (high G+C Gram-positive bacteria),ftp://ftp.ncbi.nlm.nih.gov/genomes/all/GCF/001/997/695/GCF_001997695.1_ASM199769v1,SAMN02837622,,
GCF_001997665.1,ASM199766v1,Mycobacterium tuberculosis 1821ADB45 (high G+C Gram-positive bacteria),ftp://ftp.ncbi.nlm.nih.gov/genomes/all/GCF/001/997/665/GCF_001997665.1_ASM199766v1,SAMN02837658,,
GCF_001997625.1,ASM199762v1,Mycobacterium tuberculosis 1821ADB44 (high G+C Gram-positive bacteria),ftp://ftp.ncbi.nlm.nih.gov/genomes/all/GCF/001/997/625/GCF_001997625.1_ASM199762v1,SAMN02837657,,
GCF_001997605.1,ASM199760v1,Mycobacterium tuberculosis 1821ADB42 (high G+C Gram-positive bacteria),ftp://ftp.ncbi.nlm.nih.gov/genomes/all/GCF/001/997/605/GCF_001997605.1_ASM199760v1,SAMN02837656,,
GCF_001997585.1,ASM199758v1,Mycobacterium tuberculosis 1821ADB41 (high G+C Gram-positive bacteria),ftp://ftp.ncbi.nlm.nih.gov/genomes/all/GCF/001/997/585/GCF_001997585.1_ASM199758v1,SAMN02837655,,
GCF_001997565.1,ASM199756v1,Mycobacterium tuberculosis 1821ADB40 (high G+C Gram-positive bacteria),ftp://ftp.ncbi.nlm.nih.gov/genomes/all/GCF/001/997/565/GCF_001997565.1_ASM199756v1,SAMN02837654,,
GCF_001997545.1,ASM199754v1,Mycobacterium tuberculosis 1821ADB38 (high G+C Gram-positive bacteria),ftp://ftp.ncbi.nlm.nih.gov/genomes/all/GCF/001/997/545/GCF_001997545.1_ASM199754v1,SAMN02837653,,
GCF_001997525.1,ASM199752v1,Mycobacterium tuberculosis 1821ADB37 (high G+C Gram-positive bacteria),ftp://ftp.ncbi.nlm.nih.gov/genomes/all/GCF/001/997/525/GCF_001997525.1_ASM199752v1,SAMN02837652,,
GCF_001997495.1,ASM199749v1,Mycobacterium tuberculosis 1821ADB36 (high G+C Gram-positive bacteria),ftp://ftp.ncbi.nlm.nih.gov/genomes/all/GCF/001/997/495/GCF_001997495.1_ASM199749v1,SAMN02837651,,
GCF_001997465.1,ASM199746v1,Mycobacterium tuberculosis 1821ADB35 (high G+C Gram-positive bacteria),ftp://ftp.ncbi.nlm.nih.gov/genomes/all/GCF/001/997/465/GCF_001997465.1_ASM199746v1,SAMN02837650,,
GCF_001997425.1,ASM199742v1,Mycobacterium tuberculosis TRS9 (high G+C Gram-positive bacteria),ftp://ftp.ncbi.nlm.nih.gov/genomes/all/GCF/001/997/425/GCF_001997425.1_ASM199742v1,SAMN02837629,,
GCF_001941665.1,ASM194166v1,Mycobacterium tuberculosis variant caprae (high G+C Gram-positive bacteria),ftp://ftp.ncbi.nlm.nih.gov/genomes/all/GCF/001/941/665/GCF_001941665.1_ASM194166v1,SAMN05257278,,
GCF_001593225.1,ASM159322v1,Mycobacterium tuberculosis variant africanum (high G+C Gram-positive bacteria),ftp://ftp.ncbi.nlm.nih.gov/genomes/all/GCF/001/593/225/GCF_001593225.1_ASM159322v1,SAMN04479830,,
GCF_001584745.1,ASM158474v1,Mycobacterium tuberculosis (high G+C Gram-positive bacteria),ftp://ftp.ncbi.nlm.nih.gov/genomes/all/GCF/001/584/745/GCF_001584745.1_ASM158474v1,SAMN03290700,,
GCF_000220455.1,ASM22045v1,Mycobacterium tuberculosis BTB05-559 (high G+C Gram-positive bacteria),ftp://ftp.ncbi.nlm.nih.gov/genomes/all/GCF/000/220/455/GCF_000220455.1_ASM22045v1,SAMN02472033,,
GCF_000220435.1,ASM22043v1,Mycobacterium tuberculosis BTB05-552 (high G+C Gram-positive bacteria),ftp://ftp.ncbi.nlm.nih.gov/genomes/all/GCF/000/220/435/GCF_000220435.1_ASM22043v1,SAMN02472041,,
GCF_000220415.1,ASM22041v1,Mycobacterium tuberculosis S96-129 (high G+C Gram-positive bacteria),ftp://ftp.ncbi.nlm.nih.gov/genomes/all/GCF/000/220/415/GCF_000220415.1_ASM22041v1,SAMN02472040,,
GCF_000184045.1,ASM18404v1,Mycobacterium tuberculosis R1207 (high G+C Gram-positive bacteria),ftp://ftp.ncbi.nlm.nih.gov/genomes/all/GCF/000/184/045/GCF_000184045.1_ASM18404v1,SAMN02471041,,
GCF_000184025.1,ASM18402v1,Mycobacterium tuberculosis X122 (high G+C Gram-positive bacteria),ftp://ftp.ncbi.nlm.nih.gov/genomes/all/GCF/000/184/025/GCF_000184025.1_ASM18402v1,SAMN02471089,,
GCF_000184005.1,ASM18400v1,Mycobacterium tuberculosis HN878 (high G+C Gram-positive bacteria),ftp://ftp.ncbi.nlm.nih.gov/genomes/all/GCF/000/184/005/GCF_000184005.1_ASM18400v1,SAMN02471088,,
GCF_000263135.1,H37RvCO4,Mycobacterium tuberculosis H37RvCO (high G+C Gram-positive bacteria),ftp://ftp.ncbi.nlm.nih.gov/genomes/all/GCF/000/263/135/GCF_000263135.1_H37RvCO4,SAMN02471106,,
GCF_001293105.1,ASM129310v1,Mycobacterium tuberculosis variant bovis (high G+C Gram-positive bacteria),ftp://ftp.ncbi.nlm.nih.gov/genomes/all/GCF/001/293/105/GCF_001293105.1_ASM129310v1,SAMN03658568,,
GCF_000304555.1,Mt_UT205,Mycobacterium tuberculosis UT205 (high G+C Gram-positive bacteria),ftp://ftp.ncbi.nlm.nih.gov/genomes/all/GCF/000/304/555/GCF_000304555.1_Mt_UT205,SAMEA2272432,,
GCF_000934585.1,ASM93458v1,Mycobacterium tuberculosis (high G+C Gram-positive bacteria),ftp://ftp.ncbi.nlm.nih.gov/genomes/all/GCF/000/934/585/GCF_000934585.1_ASM93458v1,SAMN03290698,,
GCF_000835125.1,ASM83512v1,Mycobacterium tuberculosis 18b (high G+C Gram-positive bacteria),ftp://ftp.ncbi.nlm.nih.gov/genomes/all/GCF/000/835/125/GCF_000835125.1_ASM83512v1,SAMN02595073,,
GCF_000162995.1,ASM16299v1,Mycobacterium tuberculosis KZN V2475 (high G+C Gram-positive bacteria),ftp://ftp.ncbi.nlm.nih.gov/genomes/all/GCF/000/162/995/GCF_000162995.1_ASM16299v1,SAMN02471090,,
GCF_000751615.1,H37RvMA2,Mycobacterium tuberculosis H37RvMA (high G+C Gram-positive bacteria),ftp://ftp.ncbi.nlm.nih.gov/genomes/all/GCF/000/751/615/GCF_000751615.1_H37RvMA2,SAMN03020719,,
GCF_000751475.1,H37RvLPb,Mycobacterium tuberculosis H37RvLP (high G+C Gram-positive bacteria),ftp://ftp.ncbi.nlm.nih.gov/genomes/all/GCF/000/751/475/GCF_000751475.1_H37RvLPb,SAMN03020718,,
GCF_000746805.1,H37RvAE4,Mycobacterium tuberculosis H37RvAE (high G+C Gram-positive bacteria),ftp://ftp.ncbi.nlm.nih.gov/genomes/all/GCF/000/746/805/GCF_000746805.1_H37RvAE4,SAMN03013397,,
GCA_000736275.1,ASM73627v1,Mycobacterium tuberculosis (high G+C Gram-positive bacteria),,SAMN02911574,,
GCF_000736255.1,ASM73625v1,Mycobacterium tuberculosis (high G+C Gram-positive bacteria),ftp://ftp.ncbi.nlm.nih.gov/genomes/all/GCF/000/736/255/GCF_000736255.1_ASM73625v1,SAMN02911573,,
GCF_000736235.1,ASM73623v1,Mycobacterium tuberculosis (high G+C Gram-positive bacteria),ftp://ftp.ncbi.nlm.nih.gov/genomes/all/GCF/000/736/235/GCF_000736235.1_ASM73623v1,SAMN02911572,,
GCA_000736215.1,ASM73621v1,Mycobacterium tuberculosis (high G+C Gram-positive bacteria),,SAMN02911570,,
GCA_000736195.1,ASM73619v1,Mycobacterium tuberculosis (high G+C Gram-positive bacteria),,SAMN02911569,,
GCA_000736175.1,ASM73617v1,Mycobacterium tuberculosis (high G+C Gram-positive bacteria),,SAMN02911571,,
GCA_000736155.1,ASM73615v1,Mycobacterium tuberculosis (high G+C Gram-positive bacteria),,SAMN02911568,,
GCA_000736135.1,ASM73613v1,Mycobacterium tuberculosis (high G+C Gram-positive bacteria),,SAMN02911567,,
GCA_000736115.1,ASM73611v1,Mycobacterium tuberculosis (high G+C Gram-positive bacteria),,SAMN02911566,,
GCF_000648395.1,VRF CWCF MDR 670,Mycobacterium tuberculosis CWCFVRF MDRTB 670 (high G+C Gram-positive bacteria),ftp://ftp.ncbi.nlm.nih.gov/genomes/all/GCF/000/648/395/GCF_000648395.1_VRF_CWCF_MDR_670,SAMN02630624,,
GCF_000023625.1,ASM2362v1,Mycobacterium tuberculosis KZN 1435 (high G+C Gram-positive bacteria),ftp://ftp.ncbi.nlm.nih.gov/genomes/all/GCF/000/023/625/GCF_000023625.1_ASM2362v1,SAMN00763683,,
